author,content,timestamp,uri
framamia.bsky.social,"> Le co√ªt environnemental de l'IA | articles et analyses par Basta!

https://basta.media/le-cout-environnemental-de-l-ia

Retrouvez toute notre veille sur l‚ÄôIA sur https://curation.framamia.org
#Framasoft",2025-04-10T10:15:06.780Z,at://did:plc:rvnzhnk55dp2g4j6mpqc2vof/app.bsky.feed.post/3lmhbi2ilxm2a
gromnax.itch.io,"J'aurais fait la m√™me avec Ghibli si je savais parler Japonais.
Des deux, c'est bien les IA bros qui sont √† combattre le plus. Plus vite on pourra balancer les IA g√©n√©ratives d'images/vid√©o sous le bus mieux ce sera pour tout le monde avant que √ßa d√©g√©n√®re (voir lien).

x.com/TheFigen_/st...",2025-04-10T10:13:05.986Z,at://did:plc:ktoj225x3mpw7irdnwwanezu/app.bsky.feed.post/3lmhbeiv3ls26
inno3.bsky.social,"3. Une analyse critique des licences Open Source, des licences permissives et de licences alternatives dans le contexte de l'entrainement de donn√©es pour des mod√®les IA.",2025-04-10T10:10:23.662Z,at://did:plc:kbmlitawukocsh2fr6jwbjul/app.bsky.feed.post/3lmhb7lqhlc23
inno3.bsky.social,"En ce d√©but d'ann√©e, Ramya a publi√© un rapport apportant quelques conclusions √©clairantes sur les controverses actuelles concernant l'utilisation de donn√©es du web pour entrainer des mod√®les IA et la place de l'ouverture dans ces d√©bats.

üîó Acc√®s au rapport : hal.science/hal-05009616",2025-04-10T10:10:23.603Z,at://did:plc:kbmlitawukocsh2fr6jwbjul/app.bsky.feed.post/3lmhb7kzk6k23
inno3.bsky.social,"[Publication]

En 2024, inno¬≥ et l'Open Knowledge Foundation ont accompagn√© la juriste et chercheuse @ramyachandra.bsky.social (CIS-CNRS) dans le cadre de son projet de recherche d√©di√© √† la valorisation et la r√©utilisation de donn√©es pour la cr√©ation de mod√®les d'intelligence artificielle (IA).",2025-04-10T10:10:23.583Z,at://did:plc:kbmlitawukocsh2fr6jwbjul/app.bsky.feed.post/3lmhb7klixk23
poyo.studiocartonc.fr,"J'veux dire, PERSONNE ne comparera les ""talents"" en IA. M√™me le plus delulu des techbros s'en rend compte. Du coup vois pas bien la fascination dont tu parles. Les gens pensent vraiment que c'est cr√©atif et que c'est de la magie pour que √ßa les fascine √† ce point ?",2025-04-10T10:09:28.684Z,at://did:plc:2zjkpxsy7pmpxd35ezzfxn3x/app.bsky.feed.post/3lmhb633u2k26
d-gri.bsky.social,"En m√™me temps qu'il boulverse le commerce mondial Trump autorise la poursuite de vieille centrale √† charbon. La raison : explosion de la demande des data center et de l' IA

Trump signs orders to allow coal-fired power plants to remain open www.theguardian.com/us-news/2025...",2025-04-10T10:07:49.776Z,at://did:plc:tjejkprwqgq5vljubs2dxxlw/app.bsky.feed.post/3lmhb2x7hus2t
burnlan.bsky.social,Visuel en IA de merde putain,2025-04-10T10:04:42.278Z,at://did:plc:a2gtvqmxa5lrk5n3kpn4ebw3/app.bsky.feed.post/3lmhavi7xck2k
guglielminetti.bsky.social,"üéß√âdition du 10 avril 2025 :
√âcoutez : bit.ly/120secstech1...
- Les US dominent l‚Äôusage de l‚ÄôIA, la Chine bondit
- X lance un portail NBA interactif
- YouTube traque les imitations par IA
- Claude Max : forfait pro √† 200 $/mois
- Ballie, le robot IA de Samsung, arrive cet √©t√©",2025-04-10T10:03:22.577Z,at://did:plc:ltx2uimpnkqjmjf6i72jlw57/app.bsky.feed.post/3lmhat4ydec2s
mad-dog.lachroniquefacile.fr,"En vrai, j'ai vu passer plus ""d'anti-starter pack"" (la m√™me id√©e mais sans IA) que de vrais (et souvent c'√©tait pour insulter ceux qui le faisait.)

La palme vient de ce gars sur Linkedin qui s'est photoshopp√© derri√®re une vitre.",2025-04-10T10:01:43.878Z,at://did:plc:dv6pk3znss6y4o4imyscvek7/app.bsky.feed.post/3lmhaptjj7s2c
madmonkeyxxi.bsky.social,"Enfin bref excus√© le ton agressif.
Ces juste que l'argument du ""ils annoncent la couleur"" je le vois passer 1¬∞ degr√© pour d√©fendre les IA gen.
Donc j'ai un peu surr√©agit.",2025-04-10T09:58:20.583Z,at://did:plc:tnkil5umhz5k3qd5qgnkszg2/app.bsky.feed.post/3lmhak3zykc2x
imprecator.bsky.social,"Nouvelles du front (IA)

J'ai √©t√© amen√© √† traduire au fran√ßais des documents juridiques officiels en espagnol. Le plus impressionnant : ChatGPT, suivi de DeepSeek (je leur ai donn√© des scans au format jpg √† bouffer. Elles les ont pass√©s √† √† l'OCR et traduit d'enfer (mieux pr√©sent√©s par ChatGPT que ‚§µÔ∏è",2025-04-10T10:01:24.578Z,at://did:plc:wvpmcnh3bswa4lecocox54up/app.bsky.feed.post/3lmhak27z3c23
madmonkeyxxi.bsky.social,"Oui je sais. J'avais partag√© votre tribune √† l'√©poque. 
Ce qui m'avait valu d'√™tre emmerd√© par un pseudo militant de g√¥che pro IA qui me sortait qu'en √©tant contre l'IA j'√©tais un artiste privil√©gi√© pro capitaliste comme Florent Pagny... 
Ah ! Google et Musk ces anarcho-communistes bien connu...

>",2025-04-10T09:56:42.585Z,at://did:plc:tnkil5umhz5k3qd5qgnkszg2/app.bsky.feed.post/3lmhah6r7u22x
captainjim87.bsky.social,"Mourir. Brain rot absolu, raccourcis partout, mort de la pens√©e et de la d√©marche critique, effacement de l'esprit.",2025-04-10T09:50:53.101Z,at://did:plc:2av3hldybsoyp7ieqr7zjo6d/app.bsky.feed.post/3lmha4p4ye22s
captainjim87.bsky.social,"Another day, another article sur L'IA dans l'enseignement qui me donne envie de mourir",2025-04-10T09:50:53.082Z,at://did:plc:2av3hldybsoyp7ieqr7zjo6d/app.bsky.feed.post/3lmha4lihtk2s
tom1312.bsky.social,Exactement ce que dirait une IA (non elles sont trop connes),2025-04-10T09:50:42.377Z,at://did:plc:cqxrnnq24zagkvmgkxof7nhp/app.bsky.feed.post/3lmha4iway22j
visuellement.bsky.social,"üöÄ¬†Napkin AI facilite la cr√©ation de pr√©sentations¬†! Exportez au format PPT pour une compatibilit√© totale avec PowerPoint, Google Slides, Canva et Keynote. Importez DOC, PDF, PPT, Markdown et HTML pour une flexibilit√© maximale.  #IA #Pr√©sentations #Productivit√© www.youtube.com/watch?v=RJB4...",2025-04-10T09:50:38.981Z,at://did:plc:e24khwx7mapuxey5df3zvq5c/app.bsky.feed.post/3lmha44rrdk2d
bulbeuse.bsky.social,"Les visuels sont majoritairement toujours en IA, toujours absolument d√©gueulasses. La 3D prend sans doute trop de temps vu le rythme auquel ils publient. Ils ont toutes les ressources pour bien faire, mais ne savent pas les utiliser.",2025-04-10T09:46:57.356Z,at://did:plc:6wqjrtkvy2wgwjnjbcpbg5ir/app.bsky.feed.post/3lmh7vqhuh22l
bulbeuse.bsky.social,J‚Äôai √©norm√©ment remis en cause mes comp√©tences au point o√π j‚Äôai fini par r√©pondre ¬´¬†non √ßa va pas¬†¬ª au bot IA qui nous posait des questions chaque jour sur notre sant√© mentale sur Slack (mdr).,2025-04-10T09:46:57.260Z,at://did:plc:6wqjrtkvy2wgwjnjbcpbg5ir/app.bsky.feed.post/3lmh7vqhpks2l
bulbeuse.bsky.social,"Il y a un moment o√π √ßa a commenc√© √† me pourrir le moral, je faisais plus de design, je faisais que de l‚Äôautomatisation.

Tout le monde dans la bo√Æte postait sa nouvelle innovation IA chaque jour type ¬´¬†comment j‚Äôoptimise mon workflow avec chatgpt¬†¬ª pour se faire valider par la hi√©rarchie.",2025-04-10T09:46:57.209Z,at://did:plc:6wqjrtkvy2wgwjnjbcpbg5ir/app.bsky.feed.post/3lmh7vqhmn22l
bulbeuse.bsky.social,"Les IA ont d√©barqu√© et c‚Äôest devenu le nerf de la guerre.

On me disait ¬´¬†c‚Äôest bien les hard skills mais bient√¥t √ßa sera plus un sujet, qu‚Äôest-ce que tu peux faire qu‚Äôune IA peut pas faire ? Focus dessus. La strat√©gie, la gestion de projet, c‚Äôest √ßa ton futur de DA.¬†¬ª Mmm excitant.",2025-04-10T09:46:57.101Z,at://did:plc:6wqjrtkvy2wgwjnjbcpbg5ir/app.bsky.feed.post/3lmh7vqhet22l
docteurbagarre.bsky.social,"Donc, oui, tout comme on s'interroge sur la pertinence de demander √† une IA de dessiner son tonton bourr√© en mode ""princesse mononoke"", on devrait peut √™tre s'interroger sur la pertinence de jouer √† des jeux vid√©os avec des personnages donc chaque cheveu serait mod√©lis√© en temps r√©el. Par exemple.",2025-04-10T09:42:01.880Z,at://did:plc:7b2u767mes5z327exespff6i/app.bsky.feed.post/3lmh7mtj6ls2e
lemediasocial.bsky.social,Les 13e journ√©es de l'Anmecs ont explor√© l'impact du num√©rique et notamment de l‚Äôintelligence artificielle (IA) sur les maisons d‚Äôenfants √† caract√®re social. Quelles sont les promesses et les limites de cette technologie ? www.lemediasocial.fr/maisons-d-en...,2025-04-10T09:41:38.682Z,at://did:plc:tat3w6vobl57k6qmotwclolt/app.bsky.feed.post/3lmh7m7ejos2b
exserv.bsky.social,Ah bah on est d'accord que je mets pas dans le m√™me panier une IA pour identifier un cancer sur de l'imagerie m√©dicale et chatgpt ou midjourney ou que sais je :/,2025-04-10T09:41:32.685Z,at://did:plc:b2df3zif4x32exzdnrv4ntz7/app.bsky.feed.post/3lmh7lvvamc27
leslieboulay.bsky.social,"la cr√©ation IA, √ßa ressemble √† Elon Musk qui n'a m√™me pas mont√© lui m√™me son personnage de RPG et qui rage quit au premier √©chec.

Ce sale mec aime vraiment les jeux vid√©os ou il aime la r√©ussite facile ?",2025-04-10T09:40:53.576Z,at://did:plc:vu3foxtmvz4j4pusgllxyybm/app.bsky.feed.post/3lmh7kvyscs22
ifri.bsky.social,"[Infographie] La cha√Æne de valeur de l'IA g√©n√©rative, par Hugo Le Picard, issue de son √©tude pour l'Ifri : ¬´ Startups europ√©ennes et IA g√©n√©rative : d√©passer la domination des Big Tech ¬ª.

üîé√Ä lire : www.ifri.org/fr/etudes/st...",2025-04-10T09:40:10.609Z,at://did:plc:i27rbhem3wcjkvjjboxwwdsl/app.bsky.feed.post/3lmh7j4iojk2u
madmonkeyxxi.bsky.social,"C'est pas parce qu'ils annoncent d√©s le d√©part que √ßa va puer que c'est pas de la merde.

Et au passage, elle est pas la seule √©cole priv√©e √† escroquer ses √©l√®ves-clients en vendant des formations IA. Et c'est pourri aussi (coucou les Gobelins)",2025-04-10T09:35:34.679Z,at://did:plc:tnkil5umhz5k3qd5qgnkszg2/app.bsky.feed.post/3lmh7bfk2qc23
chloew.bsky.social,"Le philosophe ""Jianwei Xun"", auteur du livre ""Hypnocratie"" sur la fabrication du r√©el, n'existe pas. 

Il s'agit d'une IA cr√©√©e par un (r√©el) philosophe italien, Andrea Colamedici. Ce dispositif a dup√© plusieurs m√©dias, dont le Figaro qui revient sur l'affaire : 

www.lefigaro.fr/vox/medias/l...",2025-04-10T09:34:56.183Z,at://did:plc:6drklcypjc46mg677vkppkwp/app.bsky.feed.post/3lmh7aa3yts2r
padidedepseudo.bsky.social,"√áa commence gentiment √† me souler que Blusky me recommande de plus en plus ""d'art"" IA.",2025-04-10T09:34:39.395Z,at://did:plc:5sheq7k3if6z5puuxzsiiivn/app.bsky.feed.post/3lmh77hwsns2n
zhavina.bsky.social,"Exactement. L'IA s'empoisonne elle m√™me au fil du temps. Il y a de plus en plus d'images faite par IA qui sont ensuite utilis√©es pour nourrir d'autres IA. C'est pour √ßa qu'on a l'impression de plus en plus que toutes les images IA se ressemblent.
C'est une des explications en tout cas.",2025-04-10T09:30:30.178Z,at://did:plc:z4q22rnyo3mhmm64p22g6jra/app.bsky.feed.post/3lmh6yckf422k
rollint.bsky.social,"IA¬†: les centres de donn√©es devraient doubler leur consommation d‚Äô√©lectricit√© d‚Äôici 2030
www.liberation.fr/economie/eco...",2025-04-10T09:27:36.479Z,at://did:plc:awafxt4pkywpktm2z4vwt3qr/app.bsky.feed.post/3lmh6t34c4k2s
missjulia.fr,"Investissez dans la creativit√© des IA ? 

Ok cryptobros",2025-04-10T09:27:14.178Z,at://did:plc:qctjabttoi5cfguyt4zfligx/app.bsky.feed.post/3lmh6siatl22q
cestuncarre.bsky.social,"Il ne faut pas oublier les personnes qui doivent manuellement entrer les donn√©es pour nourrir les IA. Elles sont exploit√©es, sous pay√©es et ce travail d√©grade leur sant√© mentale... www.france.tv/documentaire...",2025-04-10T09:26:26.086Z,at://did:plc:ovqo7q57autd2cxl7kciblup/app.bsky.feed.post/3lmh6qymtyk2q
erwanalix.bsky.social,"Un article sur la collaboration entre l‚ÄôIRISA et @ouest-france.fr sur les sujets de l‚ÄôIA et des archives. 
Avec parmi d‚Äôautres une question passionnante : comment faire comprendre des textes et images d‚Äôune centaine d‚Äôann√©es, li√©es √† des territoires pr√©cis, √† une IA qui n‚Äôa pas les r√©f√©rences ?",2025-04-10T09:26:12.476Z,at://did:plc:4mth26ywdwasgpqby4lept5y/app.bsky.feed.post/3lmh6qnj56k26
fredga.bsky.social,"Beh pour l'instant une IA ne comprends rien. Ni la question qu on lui pause ni la r√©ponse qu elle donne, les IA n'en sont pas, ou j ai vraiment rien compris ?",2025-04-10T09:22:51.879Z,at://did:plc:4ttgdxbcbqoocoabkzggbf3j/app.bsky.feed.post/3lmh6kmsi6c2n
scoony.bsky.social,"Il fallait pas qu'on trouve des solutions pour consommer moins? ... entre la crypto et les IA c'est la f√™te.

L'√©cologie s'arr√™te l√† o√π les int√©r√™ts priv√©s commencent.",2025-04-10T09:21:26.682Z,at://did:plc:fqrhvjmw4edagn5nihcbtkja/app.bsky.feed.post/3lmh6i4c2uc2s
emmadefaud.bsky.social,Jolie initiative des artistes pour s'approprier la d√©ferlante #starterpack en montrant la diversit√© r√©elle des talents www.instagram.com/explore/sear... Garantie sans IA,2025-04-10T09:17:50.082Z,at://did:plc:aiay757q47ephnnmoppkdme5/app.bsky.feed.post/3lmh6bolhck2i
plantex.bsky.social,"Bah non.
Je vais continuer √† utiliser les IA g√©n√©ratives pour cr√©er des squelettes de code, pour des applications smartphone ou du dev embarqu√©.
Je vais continuer √† utiliser des IA moins g√©n√©ratives pour √©crire et d√©crire dans des rapports et des specs, pour des compte rendus de r√©union...",2025-04-10T09:17:39.578Z,at://did:plc:ylmzjo43xebnfowmrz2hmwqn/app.bsky.feed.post/3lmh6bedvuc2n
fhrnum.bsky.social,"#IA et recrutement : pour un recrutement #√©thique et transparent
Anticiper les enjeux √©thiques et r√©glementaires de demain
itrnews.com/articles/205...",2025-04-10T09:16:05.579Z,at://did:plc:yk5aaldzr5kfert2bs2oj236/app.bsky.feed.post/3lmh66gm6nk2i
pr-grorobo.bsky.social,Nan mais le filtre IA Tintin tout comme Ghibli c'est LAID,2025-04-10T09:14:34.678Z,at://did:plc:hsutbgb7tzw5t7hldcctpb3y/app.bsky.feed.post/3lmh63uaxis2o
leblogtvnews.bsky.social,"La Coalition fran√ßaise pour la diversit√© culturelle exprime sa vive inqui√©tude face aux orientations prises par la Commission europ√©enne dans la troisi√®me version du projet de Code de bonnes pratiques relatif √† l‚Äôintelligence artificielle (IA).

Le comm' :",2025-04-10T09:13:25.382Z,at://did:plc:mkicewoh62rnyh4srrkwxip6/app.bsky.feed.post/3lmh5zpohuk2u
theodikay.bsky.social,"C'est mignon tous les gens qui esp√®rent la grande bataille finale Moulinsart (enfin ""Tintinmaginatio"" maintenant) vs IA √† la con, mais les premiers ne se sont jamais attaqu√©s qu'√† des victimes faibles (passionn√©s, fanzines, d√©tournements humoristiques...). Je crains que vous soyez d√©√ßus.",2025-04-10T09:12:35.378Z,at://did:plc:upmws6ouf6hzsivlp3bpvzex/app.bsky.feed.post/3lmh5yanokc2j
saitogray.bsky.social,"J'ai vu des mecs sur FB qui ne g√©n√©rait pas IA leur STL pour l'impression. J'ai eu envie de hurler, puis j'ai zoom√© sur les t√™tes et j'ai vu les monstruosit√©s que √ßa sortait...",2025-04-10T09:09:00.382Z,at://did:plc:jxn3excckd6zbfgpul7qmykz/app.bsky.feed.post/3lmh5rv2wuk2j
gigafessoux.bsky.social,Oh yes la bagarre Moulinsart vs IA dudes,2025-04-10T09:08:56.881Z,at://did:plc:fysowk3633f5wg7m6ok4c2lk/app.bsky.feed.post/3lmh5rqniis2z
misternervan.bsky.social,"L‚Äô√™tre humain c‚Äôest 8millions d‚Äôann√©es d‚Äô√©volution, de rire, de pleurs, de souffrance et d‚Äôamour. C‚Äôest cette sensibilit√© qui fait de nous des √™tres cr√©atifs. On peut faire mouliner dans des fermes de serveurs immenses des IA qu‚Äôon obtiendra que du n√©ant sans √¢mes.",2025-04-10T09:06:20.479Z,at://did:plc:6litdflod4ftvn2sfjelo4iy/app.bsky.feed.post/3lmh5n4u3ok2d
potatoxxx.bsky.social,Garanti 0 IA,2025-04-10T09:05:52.777Z,at://did:plc:2q6mvhdvh7pyzn4xgxynt3ge/app.bsky.feed.post/3lmh5mcisdc2w
xunfollowedx.bsky.social,"Je n'ai rien contre le projet en lui-m√™me.
Mais la d√©marche traduit un manque de travail et de s√©rieux qui (a minima) interrogent sur la sinc√©rit√©.

Et l'image (gen√©r√©e par IA) n'arrange rien..",2025-04-10T09:05:18.979Z,at://did:plc:iao2bnvmt5eyksaiu25ybjv4/app.bsky.feed.post/3lmh5larvw22t
techfr.skyfleet.blue,Comment distinguer si un texte a √©t√© √©crit par un humain ou une IA ?,2025-04-10T09:02:43.777Z,at://did:plc:x7ruo3dewxqyqznwrloj6vof/app.bsky.feed.post/3lmh5gok5a52f
guillaume-mvcdlm.bsky.social,"Bien avant les trends IA √† la con, remember quand j'avais transform√© Kwyxz, @birce.bsky.social et @bulbeuse.bsky.social en Funko Pop pour les besoins de leur podcast.

www.lamotodequideja.fr",2025-04-10T09:00:23.682Z,at://did:plc:vzzkxk7rgndi4d33s52xlpsk/app.bsky.feed.post/3lmh5chwq322v
homosapiens-marc.bsky.social,"Au del√† des images, la musique g√©n√©r√©e par IA est totalement fade et sans int√©r√™t, a part pour sonoriser un ascenceur ou un parking.",2025-04-10T08:58:15.981Z,at://did:plc:dujxhgn3zdvimgpzutnzzffj/app.bsky.feed.post/3lmh56omims2r
lareclame.bsky.social,"üöá Comment Mediatransports a acc√©l√©r√© gr√¢ce au DOOH ?

üí° Digitalisation, data, IA, DMP, programmatique...

üéØ 100 M‚Ç¨ de CA, soit 1/3 de la r√©gie, avec moins d‚Äôemplacements.

üó£Ô∏è L‚Äôinterview de Val√©rie Decamp est √† lire dans notre newsletter sp√©ciale DOOH üëá
lareclame.fr/dooh-valerie...",2025-04-10T08:56:29.286Z,at://did:plc:iympjldro3ym2nv4fodswcv3/app.bsky.feed.post/3lmh53c4nyk2a
dralasite.bsky.social,J'avais vu une explication: les images IA sont utilis√©es (ou repost√©es) massivement par les boomers pour faire de la merde et √ßa impacte la perception que l'on en a.,2025-04-10T08:53:56.877Z,at://did:plc:l6ivtiaxkb4hjmp4pb6sanim/app.bsky.feed.post/3lmh4wxnzps2k
dralasite.bsky.social,"D√©j√†, il me semble qu'avant m√™me les IA, on a une surproduction de BDs en France, certaines de qualit√© douteuses (mais toujours mieux que les merdes par IA)",2025-04-10T08:51:11.379Z,at://did:plc:l6ivtiaxkb4hjmp4pb6sanim/app.bsky.feed.post/3lmh4rzwj7k2k
mi-homme-michel.bsky.social,Il le fait toujours je pense. Et il s'extasie sur Facebook sur les images IA d'enfants qui font des chevaux taille r√©elle en pain de campagne.,2025-04-10T08:49:44.177Z,at://did:plc:xitseypgueev2n3hpqv6rvpn/app.bsky.feed.post/3lmh4peg6pk2i
flysalami.bsky.social,Aune IA n'est en capacit√© de retranscrire aussi bien que la r√©alit√© votre sexytude alli√©e √† celle ind√©passable d'un restaurant franchis√© Buffalo Grill.,2025-04-10T08:48:45.104Z,at://did:plc:ca7e6tmuditpc3muorqjl3nb/app.bsky.feed.post/3lmh4noebc22d
liddellstl.bsky.social,Alors d√©so mais les chaussettes √† doigts √ßa ne peut √™tre qu'une invention d'une IA !,2025-04-10T08:48:08.780Z,at://did:plc:x3ekgz6yifb7bmwn5nji62yb/app.bsky.feed.post/3lmh4mmimjs2i
raymondkraemer.bsky.social,"D'ailleurs, j'ai pas vu passer beaucoup de fausses photos g√©n√©r√©es par IA avec Cantat dessus.
Pourtant √ßa collerait bien avec le tropisme mascu.",2025-04-10T08:47:31.081Z,at://did:plc:wylktpicg4xrfj2lzpdngqij/app.bsky.feed.post/3lmh4lieclc24
korben.info,"ü§ñüçÄ On s'entoure tous de l'IA sans s'en rendre compte ! Mais comment reconna√Ætre un texte √©crit par une IA ? Intrigant, non ? #Tech #IA #Curieux",2025-04-10T08:45:11.082Z,at://did:plc:aru6i7k6wo43msubk6km5td3/app.bsky.feed.post/3lmh4hbyksa2v
charlesdubreuil.bsky.social,"Lancement des Assises nationales de l'√©thique du num√©rique organis√©es par l' Observatoire de l'√©thique publique.
J'y traiterai de l'acceptabilit√© d√©mocratique et sociale du d√©ploiement des IA publiques.",2025-04-10T08:43:23.281Z,at://did:plc:6xh24smrwhc3rkt5frdj6q3k/app.bsky.feed.post/3lmh4dzvxok2n
thomasorus.com,"Oui, et d'apr√®s une √©tude r√©cente les gens r√©agissent mal en voyant des images g√©n√©r√©es par IA, √ßa donnerait une sensation de cheap.",2025-04-10T08:38:36.878Z,at://did:plc:bwayvok56aaive7d2ii5xeyp/app.bsky.feed.post/3lmh43kazu22b
intech-lux.bsky.social,"üì¢ lavalvirtual, jour 2 !
Merci pour votre enthousiasme hier üôå

üìç Retrouvez InTech jusqu‚Äôau 11 avril ‚Äì Hall B, Stand 13.

üí¨ √âchangez avec notre #avatar Julia ü§ñ, testez une exp√©rience en #VR et d√©couvrez nos d√©mos avec Dynalips !

#LavalVirtual #Innovation #Luxembourg #IA #Tech #IT #Team",2025-04-10T08:38:28.581Z,at://did:plc:pipponczg52wwfxcf4fotp2j/app.bsky.feed.post/3lmh42zpngc2y
madmaskedfurrytoad.bsky.social,"oh ben √ßa alors ! quelle surprise !
heureusement que l' #IA va nous sauver gr√¢ce au #technosolutionnisme !

oh et puis merde √† la fin

#√©nergie #√©nergiesfossiles

www.lefigaro.fr/flash-eco/do...",2025-04-10T08:36:29.583Z,at://did:plc:s57qotm36zpjvqinn5akljpm/app.bsky.feed.post/3lmh3xlmgb22s
madmaskedfurrytoad.bsky.social,"oh ben √ßa alors ! quelle surprise !
heureusement que l' #IA va nous sauver, gr√¢ce au #technosolutionnisme !

#√©nergie #√©nergiesfossiles

www.liberation.fr/economie/eco...",2025-04-10T08:35:19.384Z,at://did:plc:s57qotm36zpjvqinn5akljpm/app.bsky.feed.post/3lmh3vl32hk2s
usbeketrica.bsky.social,"L'arriv√©e de IA g√©n√©rale, capable d‚Äôeffectuer ou d‚Äôapprendre pratiquement n‚Äôimporte quelle t√¢che cognitive propre aux humains serait plus ou moins imminente. On vous pr√©sente la chronologie entre perc√©es algorithmiques, tensions g√©opolitiques et peur d‚Äôun sc√©nario √† la Terminator üëá
shorturl.at/i2fJG",2025-04-10T08:34:28.283Z,at://did:plc:n3fbgyh3jyfgheysmd6bftok/app.bsky.feed.post/3lmh3u2dzs22i
leur2feu.bsky.social,Il y a une uniformisation esth√©tique et un lissage de l'imaginaire. Entre la vari√©t√© et la beaut√© que l'on trouve chez Ghibli et la fadeur du Ghibli IA il y a un monde.,2025-04-10T08:33:22.780Z,at://did:plc:m3mnkupg5jxxqig7qam5zc5d/app.bsky.feed.post/3lmh3s5s44k2x
aurelienmorel.bsky.social,"Mais, comme un film de s√©rie Z fait avec 30 balles et une id√©e, c'est bourr√© de cr√©ativit√©.

C'est un film de Roger Corman.

Quand les images g√©n√©r√©es par IA c'est du Marvel phase 32 avec un skybeam √† la fin.",2025-04-10T08:31:47.034Z,at://did:plc:wcebhauummtcoljcysnboxil/app.bsky.feed.post/3lmh3pexztd2n
justgeekfr.bsky.social,"ü§ñ Anthropic lance Claude Max : deux nouveaux abonnements pour les pros de l‚ÄôIA

üëâ www.justgeek.fr/anthropic-cl...

#Anthropic #Claude #IA #AI",2025-04-10T08:29:16.480Z,at://did:plc:2rjj3kjqsa3lyyzvmijslvvr/app.bsky.feed.post/3lmh3ksq3222d
modiie.bsky.social,"Au lieu d‚Äôavoir Gibli dessin√© par une IA je vous ai fait un Gibli dessin√© par Modiie 

Croyez moi que la larve en claquettes chaussettes ne pouvait que sortir de mon esprit ü§ìüëå",2025-04-10T08:27:50.579Z,at://did:plc:agw36fs43mep44j2shczofts/app.bsky.feed.post/3lmh3i7onwk2n
tom1312.bsky.social,Tom's starter pack sans IA,2025-04-10T08:27:42.181Z,at://did:plc:cqxrnnq24zagkvmgkxof7nhp/app.bsky.feed.post/3lmh3hxhyns2z
artyomsenna.bsky.social,"C'est √ßa le truc. Comme l'IA ne cr√©e rien mais agr√®ge des ≈ìuvres existantes, ben comme il y a de plus en plus ""d'≈ìuvres"" g√©n√©r√©es par ces IA que ces derni√®res agr√®gent √† leur tour, et ainsi de suite pour tendre vers des daubasses similaires et uniformes.",2025-04-10T08:26:00.078Z,at://did:plc:ptqntvqh2uaiou7r5br7btba/app.bsky.feed.post/3lmh3eyiwns2r
ogechter.bsky.social,"Je note un r√©flexe de m√©pris de plus en plus important devant les productions d'images g√©n√©r√©es par IA. Les images qui arrachaient des cris d'extase l'an dernier sont souvent qualifi√©es de ""moches"" instantan√©ment.",2025-04-10T08:25:43.779Z,at://did:plc:pwi4lzavzroqwkdb2sgh3bzp/app.bsky.feed.post/3lmh3egaua223
derfybzh.bsky.social,Les vignettes YouTube de l'enfer faitent par IA me font fuir rapidement.,2025-04-10T08:24:45.581Z,at://did:plc:sodn4tg67yl2vv77shktgisg/app.bsky.feed.post/3lmh3cre4b227
archy5.bsky.social,je suis une tr√®s bonne curateuse car j'ai vu aucun starter pack en ia ni sur bs ni sur ig !!!!!,2025-04-10T08:24:32.480Z,at://did:plc:3viqirfh2a3sq6dijfoq4tct/app.bsky.feed.post/3lmh3cdt5rc2g
corentin.bsky.social,J'ai cru que c'√©tait un starterpack g√©n√©r√© par IA,2025-04-10T08:19:22.680Z,at://did:plc:qfpamyffwldumcforfvtmqmu/app.bsky.feed.post/3lmh2z47cwc22
wans728.bsky.social,"Ben t'as vu comment celui de Massiet a √©t√© re√ßu ^^

Nan, ici c'est plus la version faite main, dans un style plus ou moins enfantin 

C'est un autre charme :)

(Ceux en IA, j'ai du en voir 3 en comptant celui de Massiet sinon)",2025-04-10T08:16:46.280Z,at://did:plc:6ms4grit4dm3kbucxikg3ja2/app.bsky.feed.post/3lmh2uhok2k2w
oscarlemaire.bsky.social,"Fut un temps o√π j'ai envisag√©, n'ayant pas les moyens de payer un illustrateur, de mettre des illustrations IA dans mes articles. Je ne l'ai pas fait pour des questions √©thiques. Mais l√† √† l'heure actuelle je me dis que ce serait juste ajouter de la mochet√© √† mes articles.",2025-04-10T08:16:15.086Z,at://did:plc:sespqbn4p3glj4jz3xiiqbva/app.bsky.feed.post/3lmh2tkteep2e
kahene.bsky.social,J'ai toujours dis que les arts sous IA sortaient tous sous un style pseudo-anim√© d√©gueulasse qui fait uncanny valley.,2025-04-10T08:13:57.378Z,at://did:plc:lp43kbxl3koafxrm7psiativ/app.bsky.feed.post/3lmh2phdmm22i
antalyk.bsky.social,"par contre d√®s que tu va un peu plus loin genre une BD, c'est tr√®s compliqu√©. Comme tout ce que produit une IA √ßa auras l'air d'une BD de loin mais c'est tout",2025-04-10T08:12:30.179Z,at://did:plc:pb2ptyjko7d3spuodju4cqe2/app.bsky.feed.post/3lmh2mrclwc2y
oscarlemaire.bsky.social,"Je veux dire, y a un an comme tout le monde j'√©tais impressionn√© par les avanc√©es, mais l√† maintenant on constate qu'au-del√† de toutes les variantes genre Ghibli, y a quand m√™me une sorte de style uniforme, sans √¢me, des illustrations IA qui arrive tr√®s vite √† saturation.",2025-04-10T08:10:30.681Z,at://did:plc:sespqbn4p3glj4jz3xiiqbva/app.bsky.feed.post/3lmh2jcm67d25
ummaria.bsky.social,J'aime beaucoup ! Entre √ßa et les IA studio ghibli j'ai les dents serr√©es toute la journ√©e,2025-04-10T08:10:14.581Z,at://did:plc:bz5jvjvzxgk3m23itb6ddmcs/app.bsky.feed.post/3lmh2isez7s2q
guipascanet.bsky.social,C'est rigolo les starter pack mais c'est pas encore un truc fabriqu√© avec une IA qui a tu√© 10 ours blancs ?,2025-04-10T08:10:09.279Z,at://did:plc:n4yvqerjjw4jfnyg3obb4rp6/app.bsky.feed.post/3lmh2io7tis2k
docteurbagarre.bsky.social,"Soit vous accordez le statut d'≈ìuvre de l'esprit aux productions IA, auquel cas il est URGENT de leur donner des droits fondamentaux, soit vous consid√©rez que les IA ne sont pas des personnes, auquel cas il n'y a pas d'≈ìuvre de l'esprit, mais juste collage al√©atoire.",2025-04-10T08:08:37.106Z,at://did:plc:7b2u767mes5z327exespff6i/app.bsky.feed.post/3lmh2fw73r22e
docteurbagarre.bsky.social,"Gros sujet que la nature des ""cr√©ations"" des IA g√©n√©ratives. Je vous conseille d'explorer les discussions.

Pour ma part, je place le souci au niveau de la confusion entre ≈ìuvre de l'esprit et cr√©ation par amalgame, comme le font les IA.",2025-04-10T08:08:37.079Z,at://did:plc:7b2u767mes5z327exespff6i/app.bsky.feed.post/3lmh2fw6ytc2e
anthonyrochand.bsky.social,MindStudio : un outil gratuit pour cr√©er des agents #IA facilement ü§ñ digitiz.fr/mindstudio/,2025-04-10T08:07:55.183Z,at://did:plc:mds7tyqreijnw36bmof3av43/app.bsky.feed.post/3lmh2elhqus2k
arisastro.bsky.social,M√™me les IA ne d√©bitent pas des conneries pareilles,2025-04-10T08:06:45.779Z,at://did:plc:ps4fxnsrcuoss625lfwvgqa5/app.bsky.feed.post/3lmh2clzrvc26
ledoshins.bsky.social,"Un peu aussi comme √ßa ? 

Aucune IA n'est capables de ramasser des centaines de canettes, de les d√©couper en petits carr√©s et de venir cr√©e de nluveaux tableaux uniques. 
www.canb.fr",2025-04-10T08:02:16.773Z,at://did:plc:qoigg55qv6e7rzhecfiptw24/app.bsky.feed.post/3lmh22kafgc2s
captainmyre.bsky.social,"‚ú® Envie d‚Äôun portrait personnalis√© garanti sans IA ?
C‚Äôest exactement ce que je te propose via mon Ko-fi !üé®Un joli portrait cartoon de toi ou de tes proches, r√©alis√© avec amour par mes petites mains.üíõ
Pour commander, c‚Äôest par ici üëâ ko-fi.com/captainmyre",2025-04-10T08:00:47.077Z,at://did:plc:ys3orfxp42mfo2zw6kq24enp/app.bsky.feed.post/3lmgzxtlups24
emmaoperatheatre.bsky.social,L'IA est du VOL de propri√©t√© intellectuelle (suite). J'esp√®re que les ayants-droits d'Herv√© vont les ATOMISER. #Tintin #intelligenceartificielle #IA ‚¨áÔ∏è,2025-04-10T07:57:57.281Z,at://did:plc:723cte3dehxfbcpn5xxocj4a/app.bsky.feed.post/3lmgzst6uuc2l
birce.bsky.social,"On est pass√©s √† √ßa ü§èüèæ d'une entreprise √† la comm √©clat√©e comme Holy ou Burger King qui nous sort un ""Starter P√¢ques"" en IA.",2025-04-10T07:56:59.580Z,at://did:plc:upambrxlb4dgbt6vfis6xk6p/app.bsky.feed.post/3lmgzr4trik2l
mbrient.bsky.social,"Infrastructures, donn√©es de qualit√© & Datalabs, comp√©tences ... la Commission Europ√©enne publie un plan d'action pour un continent #IA : Shaping Europe‚Äôs leadership in artificial intelligence with the AI continent action plan commission.europa.eu/topics/eu-co...",2025-04-10T07:54:57.980Z,at://did:plc:dsfey4nbrqfdosid4g3x5uvw/app.bsky.feed.post/3lmgzndgalc2j
uneheuredepeine.bsky.social,"¬´¬†Mais Denis, et si un artiste utilisait ces IA g√©n√©ratives en √©tant conscient de tout √ßa, ahah tu serais bien eu dans ce cas n‚Äôest-ce pas ?¬†¬ª

Alors oui, on peut imaginer qu‚Äôun artiste utilise une IA g√©n√©rative pour faire quelque chose. Un peu comme des artistes utilisent de d√©chets.",2025-04-10T07:54:29.677Z,at://did:plc:rkoe4ypzobig4w6be2mtcm5m/app.bsky.feed.post/3lmgzmkboic2f
guigui-le-gentil.bsky.social,#starterpack #fuckia,2025-04-10T07:53:05.589Z,at://did:plc:3iqa5zkirwgrmo4qo66ppopd/app.bsky.feed.post/3lmgzjzkp7k2y
gigafessoux.bsky.social,La meuf qui avait donn√© l'autorisation pour recr√©er la voix de son daron mort par IA pour une bande annonce de Stallone ?,2025-04-10T07:52:49.380Z,at://did:plc:fysowk3633f5wg7m6ok4c2lk/app.bsky.feed.post/3lmgzjnybp22z
biduleofficiel.bsky.social,"L'IA, nous ne savons pas si c'est intelligent, mais c'est dr√¥le...

#ChatGPT #IA #IAArt #Art #ContemporaryArtist",2025-04-10T07:50:16.480Z,at://did:plc:bjfx6a436nkcxbjtn7ylilnb/app.bsky.feed.post/3lmgzeykttk2l
univparissaclay.bsky.social,"Une d√©l√©gation du NIAR (National Institutes of Applied Research) de Ta√Øwan, men√©e par son pr√©sident Hung-Yin Tsai, est venue √† UPSaclay afin de discuter de l'approfondissement de la coop√©ration en #Recherche #Formation dans les domaines des #Sciences #Ing√©nierie #IA #m√©decine #Biotechnologies.",2025-04-10T07:48:21.885Z,at://did:plc:hq24xoggzbydlyfyuvf2bf77/app.bsky.feed.post/3lmgzbkviz22g
biduleofficiel.bsky.social,"Photo non contractuelle, jouet vendu s√©par√©ment

#ChatGPT #IA #IAArt",2025-04-10T07:47:53.478Z,at://did:plc:bjfx6a436nkcxbjtn7ylilnb/app.bsky.feed.post/3lmgzaphges2l
uneheuredepeine.bsky.social,le produit que d‚Äôun artiste mais aussi de la collaboration avec d‚Äôautres travailleurs - Howard Becker disait qu‚Äôune ≈ìuvre d‚Äôart est toujours le produit d‚Äôun monde de l‚Äôart et non d‚Äôun artiste seul. Cette collaboration existe toujours dans les images g√©n√©r√©es par les IA mais outre qu‚Äôelle est forc√©e,2025-04-10T07:47:49.483Z,at://did:plc:rkoe4ypzobig4w6be2mtcm5m/app.bsky.feed.post/3lmgzamknms2f
medianormandie.bsky.social,"#Evreuxnormandie - L'Oeil üëÅ de Willy #Colors üåà : Sur les r√©seaux sociaux, la mode est √† la cr√©ation de son ¬´ starter pack ¬ª avec l‚Äôaide des intelligences artificielles. Une tendance qui n‚Äôa rien d‚Äôamusant pour les artistes. #IA #StarterPack 
www.huffingtonpost.fr/life/article...",2025-04-10T07:46:07.082Z,at://did:plc:o2s4zwxlw3fwv5idbym4rdpb/app.bsky.feed.post/3lmgz5lezss2i
jamesvanottoprod.bsky.social,"Ah l√† l√†, tous ces gens qui sont du c√¥t√© de la bonne pens√©e, des opprim√©s, de la culture et qui ne peuvent pas s'emp√™cher d'utiliser l'IA g√©n√©rative pour faire des images rigolotes (ou de partager des posts faits avec IA) d√®s que √ßa va dans le sens de leur id√©ologie ou de leur humeur du moment...",2025-04-10T07:45:10.080Z,at://did:plc:u3ycuywdiff4zkzau5zf4yay/app.bsky.feed.post/3lmgz3y5jx222
uneheuredepeine.bsky.social,"Un argument des pro-IA g√©n√©ratives est de dire que leur machin fait comme n‚Äôimporte quel artiste : il absorbe des influences et les synth√©tise. C‚Äôest d√©j√† douteux car un artiste ne fait pas que synth√©tiser : il donne du sens, y compris √† ses influences. Mais en plus, une ≈ìuvre n‚Äôest jamais",2025-04-10T07:44:36.981Z,at://did:plc:rkoe4ypzobig4w6be2mtcm5m/app.bsky.feed.post/3lmgz2wiacs2f
